[{"model": "nv_profile.nvroom", "pk": 1, "fields": {"title": "self-driving cars", "link": "https://www.nvidia.com/en-us/self-driving-cars", "sprite": "rooms/Office_room-01_oFUkmQr.svg"}}, {"model": "nv_profile.nvroom", "pk": 2, "fields": {"title": "Isaac", "link": "https://news.developer.nvidia.com/isaac-sdk-2019-3/", "sprite": "rooms/Office_room-01_k4V7A0N.svg"}}, {"model": "nv_profile.nvroom", "pk": 3, "fields": {"title": "RAPIDS", "link": "https://rapids.ai/", "sprite": "rooms/Office_room-01_Qu3dXDJ.svg"}}, {"model": "nv_profile.nvroom", "pk": 4, "fields": {"title": "Dream", "link": "https://github.com/NVlabs/DREAM", "sprite": "rooms/Office_room-01_fmOx6q5.svg"}}, {"model": "nv_profile.nvroom", "pk": 5, "fields": {"title": "LightPerception", "link": "https://news.developer.nvidia.com/optimizing-light-source-perception-with-software-defined-ai/", "sprite": "rooms/Office_room-01_e7DWe61.svg"}}, {"model": "nv_profile.nvroom", "pk": 6, "fields": {"title": "SlowMotion", "link": "https://news.developer.nvidia.com/transforming-standard-video-into-slow-motion-with-ai/", "sprite": "rooms/Office_room-01_QmhCBJf.svg"}}, {"model": "nv_profile.nvroom", "pk": 7, "fields": {"title": "LandmarkLocalization", "link": "https://news.developer.nvidia.com/improving-landmark-localization-with-a-new-deep-learning-architecture/", "sprite": "rooms/Office_room-01_Qyp2OFn.svg"}}, {"model": "nv_profile.nvroom", "pk": 8, "fields": {"title": "Smoke room", "link": "https://live.remo.co/e/smoke-room", "sprite": "rooms/Office_room-01_id2tmWP.svg"}}, {"model": "nv_profile.nvroom", "pk": 9, "fields": {"title": "Kitchen", "link": "https://live.remo.co/e/kitchen", "sprite": "rooms/Office_room-01_WPpk3pl.svg"}}, {"model": "nv_profile.nvskill", "pk": 1, "fields": {"title": "Python"}}, {"model": "nv_profile.nvskill", "pk": 4, "fields": {"title": "Java"}}, {"model": "nv_profile.nvskill", "pk": 5, "fields": {"title": "Go"}}, {"model": "nv_profile.nvskill", "pk": 6, "fields": {"title": "C++"}}, {"model": "nv_profile.nvskill", "pk": 9, "fields": {"title": "Kotlin"}}, {"model": "nv_profile.nvskill", "pk": 10, "fields": {"title": "Scala"}}, {"model": "nv_profile.nvskill", "pk": 11, "fields": {"title": "Swift"}}, {"model": "nv_profile.nvskill", "pk": 12, "fields": {"title": "React"}}, {"model": "nv_profile.nvskill", "pk": 13, "fields": {"title": "Scrum"}}, {"model": "nv_profile.nvskill", "pk": 14, "fields": {"title": "C#"}}, {"model": "nv_profile.nvskill", "pk": 15, "fields": {"title": "Matlab"}}, {"model": "nv_profile.nvskill", "pk": 16, "fields": {"title": "R"}}, {"model": "nv_profile.nvskill", "pk": 17, "fields": {"title": "PHP"}}, {"model": "nv_profile.nvskill", "pk": 18, "fields": {"title": "JavaScript"}}, {"model": "nv_profile.nvskill", "pk": 19, "fields": {"title": "Vue"}}, {"model": "nv_profile.nvskill", "pk": 20, "fields": {"title": "Elixir"}}, {"model": "nv_profile.nvskill", "pk": 21, "fields": {"title": "Haskell"}}, {"model": "nv_profile.nvskill", "pk": 22, "fields": {"title": "Bug fixer"}}, {"model": "nv_profile.nvskill", "pk": 23, "fields": {"title": "Cookie maker"}}, {"model": "nv_profile.nvskill", "pk": 24, "fields": {"title": "Ruby"}}, {"model": "nv_profile.nvskill", "pk": 25, "fields": {"title": "Objective-C"}}, {"model": "nv_profile.nvskill", "pk": 26, "fields": {"title": "Rust"}}, {"model": "nv_profile.nvskill", "pk": 27, "fields": {"title": "CUDA"}}, {"model": "nv_profile.nvskill", "pk": 28, "fields": {"title": "OpenCL"}}, {"model": "nv_profile.nvskill", "pk": 29, "fields": {"title": "RL"}}, {"model": "nv_profile.nvskill", "pk": 30, "fields": {"title": "Supervised Learning"}}, {"model": "nv_profile.nvskill", "pk": 31, "fields": {"title": "linear algebra"}}, {"model": "nv_profile.nvskill", "pk": 32, "fields": {"title": "Perl"}}, {"model": "nv_profile.nvskill", "pk": 33, "fields": {"title": "SQL"}}, {"model": "nv_profile.nvskill", "pk": 34, "fields": {"title": "tango dancer"}}, {"model": "nv_profile.nvskill", "pk": 35, "fields": {"title": "Jack Sparrow"}}, {"model": "nv_profile.nvskill", "pk": 36, "fields": {"title": "Sunny"}}, {"model": "nv_profile.nvskill", "pk": 37, "fields": {"title": "Bicycle inventor"}}, {"model": "nv_profile.nvskill", "pk": 38, "fields": {"title": "Bug maker"}}, {"model": "nv_profile.nvskill", "pk": 39, "fields": {"title": "Solomon"}}, {"model": "nv_profile.nvuserprofile", "pk": 1, "fields": {"password": "pbkdf2_sha256$216000$Kfv9MavwysDo$KEmKhR4ZhzhLoRoe0MZWDOY1057KV3l2Km8hm5BaQKg=", "last_login": "2020-10-04T10:54:14.145Z", "is_superuser": true, "first_name": "", "last_name": "", "is_staff": true, "is_active": true, "date_joined": "2020-10-03T20:34:59.691Z", "username": "test", "email": null, "name": "", "photo": "", "is_team_lead": false, "is_male": true, "cartoon_sprite": "", "report_to": null, "current_room": null, "last_active_room": "2020-10-04T05:05:55.808Z", "groups": [], "user_permissions": []}}, {"model": "nv_profile.nvuserprofile", "pk": 2, "fields": {"password": "pbkdf2_sha256$216000$41WIT9FB2rk6$royyELPUe3LmMzMVg/MotBpKQ7tz4oDIC1IR93NJnTY=", "last_login": "2020-10-03T23:26:26.351Z", "is_superuser": false, "first_name": "", "last_name": "", "is_staff": false, "is_active": true, "date_joined": "2020-10-03T23:26:26.017Z", "username": "valeryilin", "email": "", "name": "Valera", "photo": "", "is_team_lead": false, "is_male": true, "cartoon_sprite": "", "report_to": null, "current_room": null, "last_active_room": "2020-10-04T05:05:55.808Z", "groups": [], "user_permissions": []}}, {"model": "nv_profile.nvuserprofile", "pk": 3, "fields": {"password": "pbkdf2_sha256$216000$Yb2RXfwIRWWR$TjWVRw4v8S7kgOYUfaxCtxtZ52P9m9pW6yfpzJaTcic=", "last_login": "2020-10-03T23:34:39.543Z", "is_superuser": false, "first_name": "", "last_name": "", "is_staff": false, "is_active": true, "date_joined": "2020-10-03T23:34:39.189Z", "username": "2pd", "email": "", "name": "Polina", "photo": "", "is_team_lead": false, "is_male": true, "cartoon_sprite": "", "report_to": null, "current_room": null, "last_active_room": "2020-10-04T05:05:55.808Z", "groups": [], "user_permissions": []}}, {"model": "nv_profile.nvuserprofile", "pk": 6, "fields": {"password": "pbkdf2_sha256$216000$fEPn38AKNyQG$2xxef/HscWKeLNMsCMwva3TwCDj1ncMIsDtFjILLwYg=", "last_login": "2020-10-04T04:46:52.860Z", "is_superuser": false, "first_name": "", "last_name": "", "is_staff": false, "is_active": true, "date_joined": "2020-10-04T04:46:52.502Z", "username": "valeryilin2", "email": null, "name": "val", "photo": "", "is_team_lead": false, "is_male": true, "cartoon_sprite": "", "report_to": null, "current_room": 2, "last_active_room": "2020-10-04T05:05:55.808Z", "groups": [], "user_permissions": []}}, {"model": "nv_profile.nvuserprofile", "pk": 7, "fields": {"password": "pbkdf2_sha256$216000$Mqlg2xui77AS$PwFlKU1mH4IcdvKgdUl98+5aX5+VGmrY5nXamR5b9I8=", "last_login": "2020-10-04T10:23:53.398Z", "is_superuser": false, "first_name": "", "last_name": "", "is_staff": false, "is_active": true, "date_joined": "2020-10-04T05:01:36.038Z", "username": "pdemen", "email": null, "name": "Polina P", "photo": "", "is_team_lead": false, "is_male": false, "cartoon_sprite": "", "report_to": null, "current_room": 3, "last_active_room": "2020-10-04T05:05:55.808Z", "groups": [], "user_permissions": []}}, {"model": "nv_profile.nvuserprofile", "pk": 8, "fields": {"password": "pbkdf2_sha256$216000$H2LkmXfwyLBS$SDyIGDGv1kim1GDUsf+9s4GXAQ2t2muwwOV1enRhsG8=", "last_login": "2020-10-04T07:15:23.068Z", "is_superuser": false, "first_name": "", "last_name": "", "is_staff": false, "is_active": true, "date_joined": "2020-10-04T05:02:58.829Z", "username": "kiseleva.ea", "email": null, "name": "Liza Kiseleva", "photo": "", "is_team_lead": false, "is_male": false, "cartoon_sprite": "", "report_to": null, "current_room": 2, "last_active_room": "2020-10-04T11:04:06.025Z", "groups": [], "user_permissions": []}}, {"model": "nv_profile.nvuserprofile", "pk": 9, "fields": {"password": "pbkdf2_sha256$216000$5lYrbXxmsdCG$SfffY2knNHW7K/edf6S8Y++UqRsDcxFQ8+hfqzukhN8=", "last_login": "2020-10-04T05:16:27.615Z", "is_superuser": false, "first_name": "", "last_name": "", "is_staff": false, "is_active": true, "date_joined": "2020-10-04T05:15:18.354Z", "username": "Elvira", "email": null, "name": "Elvira", "photo": "", "is_team_lead": false, "is_male": false, "cartoon_sprite": "", "report_to": null, "current_room": 1, "last_active_room": "2020-10-04T11:02:32.807Z", "groups": [], "user_permissions": []}}, {"model": "nv_profile.nvuserprofile", "pk": 10, "fields": {"password": "pbkdf2_sha256$216000$bekEW0Zjs9Jz$yRlDyzvZM4eF5z/Oy8e9aKhqmg71Ol8NqXTyarYD2UY=", "last_login": "2020-10-04T06:06:22.492Z", "is_superuser": false, "first_name": "", "last_name": "", "is_staff": false, "is_active": true, "date_joined": "2020-10-04T06:06:22.155Z", "username": "igo", "email": null, "name": "vas", "photo": "", "is_team_lead": false, "is_male": true, "cartoon_sprite": "", "report_to": null, "current_room": 5, "last_active_room": "2020-10-04T11:21:53.453Z", "groups": [], "user_permissions": []}}, {"model": "nv_profile.nvuserprofile", "pk": 11, "fields": {"password": "pbkdf2_sha256$216000$8r7k8jUpx3Z6$38yfW/UlAqwLWpM73vHUXrCRziTg/yxIBjs0ldmGMFQ=", "last_login": "2020-10-04T06:35:33.103Z", "is_superuser": false, "first_name": "", "last_name": "", "is_staff": false, "is_active": true, "date_joined": "2020-10-04T06:35:32.776Z", "username": "mkh15", "email": null, "name": "Mohamed", "photo": "", "is_team_lead": false, "is_male": true, "cartoon_sprite": "", "report_to": null, "current_room": 5, "last_active_room": "2020-10-04T11:40:28.828Z", "groups": [], "user_permissions": []}}, {"model": "nv_profile.nvuserprofile", "pk": 12, "fields": {"password": "pbkdf2_sha256$216000$LlTzNE62kPqj$n5q7BeArw+OexfljOtGGNmRYiAtDz5+C5fg5BS6JGvM=", "last_login": "2020-10-04T07:35:24.126Z", "is_superuser": false, "first_name": "", "last_name": "", "is_staff": false, "is_active": true, "date_joined": "2020-10-04T07:35:23.792Z", "username": "asd", "email": null, "name": "asd asd", "photo": "", "is_team_lead": false, "is_male": true, "cartoon_sprite": "", "report_to": null, "current_room": 2, "last_active_room": "2020-10-04T07:35:23.792Z", "groups": [], "user_permissions": []}}, {"model": "nv_profile.nvuserprofile", "pk": 13, "fields": {"password": "pbkdf2_sha256$216000$7hCSlxBA6X3R$BtxLLRg/eIABztC8XsvKdvkiDiK8RrWZsUfEL7YN834=", "last_login": "2020-10-04T08:03:26.737Z", "is_superuser": false, "first_name": "", "last_name": "", "is_staff": false, "is_active": true, "date_joined": "2020-10-04T08:03:26.421Z", "username": "jdoe", "email": null, "name": "john doe", "photo": "", "is_team_lead": false, "is_male": true, "cartoon_sprite": "", "report_to": null, "current_room": 3, "last_active_room": "2020-10-04T08:03:26.421Z", "groups": [], "user_permissions": []}}, {"model": "nv_profile.nvuserprofile", "pk": 14, "fields": {"password": "pbkdf2_sha256$216000$lCLlH6jqI9yq$9xpSotaJ+rOtNhUCRvIF6YiGq33bcpjgZ3F5RKCp2Xw=", "last_login": "2020-10-04T08:08:30.597Z", "is_superuser": false, "first_name": "", "last_name": "", "is_staff": false, "is_active": true, "date_joined": "2020-10-04T08:08:30.253Z", "username": "123", "email": null, "name": "123", "photo": "", "is_team_lead": false, "is_male": true, "cartoon_sprite": "", "report_to": null, "current_room": 5, "last_active_room": "2020-10-04T08:08:30.253Z", "groups": [], "user_permissions": []}}, {"model": "nv_profile.nvuserprofile", "pk": 15, "fields": {"password": "pbkdf2_sha256$216000$oe9mgdnGBwZG$xB2x0EffCeJmCB3tGd5uu6eFjXF4VoTd0AoPwUjaweA=", "last_login": "2020-10-04T08:18:06.186Z", "is_superuser": false, "first_name": "", "last_name": "", "is_staff": false, "is_active": true, "date_joined": "2020-10-04T08:18:05.864Z", "username": "qweqwe", "email": null, "name": "qw qwe", "photo": "", "is_team_lead": false, "is_male": false, "cartoon_sprite": "", "report_to": null, "current_room": 1, "last_active_room": "2020-10-04T08:18:05.864Z", "groups": [], "user_permissions": []}}, {"model": "nv_profile.nvuserprofile", "pk": 16, "fields": {"password": "pbkdf2_sha256$216000$jOoTiRXZa7fh$2VfBWiEfTh/IQyXJVrKcd27DXanRADwr9f4ioAeBSIU=", "last_login": "2020-10-04T08:30:28.610Z", "is_superuser": false, "first_name": "", "last_name": "", "is_staff": false, "is_active": true, "date_joined": "2020-10-04T08:30:28.290Z", "username": "test111", "email": "", "name": "eee", "photo": "", "is_team_lead": false, "is_male": true, "cartoon_sprite": "", "report_to": null, "current_room": 3, "last_active_room": "2020-10-05T06:21:41.160Z", "groups": [], "user_permissions": []}}, {"model": "nv_profile.nvuserprofile", "pk": 17, "fields": {"password": "pbkdf2_sha256$216000$FRbs42G3fiWz$YCSdnRBrIfuif4T+vBoLnkcCeQUbD4L1r9+hWGCe0nU=", "last_login": "2020-10-04T11:11:10.468Z", "is_superuser": false, "first_name": "", "last_name": "", "is_staff": false, "is_active": true, "date_joined": "2020-10-04T11:11:10.065Z", "username": "pd", "email": null, "name": "Polina P", "photo": "", "is_team_lead": false, "is_male": false, "cartoon_sprite": "", "report_to": null, "current_room": 1, "last_active_room": "2020-10-04T11:11:10.976Z", "groups": [], "user_permissions": []}}, {"model": "nv_profile.nvuserprofile", "pk": 18, "fields": {"password": "pbkdf2_sha256$216000$pfqo3lp7B2RP$PG0nbDfzjzniptMS9LUsXeGnXKuH87Y7fsD9/agzZTw=", "last_login": "2020-10-04T12:40:36.661Z", "is_superuser": false, "first_name": "", "last_name": "", "is_staff": false, "is_active": true, "date_joined": "2020-10-04T12:40:36.316Z", "username": "realdoe", "email": null, "name": "real doe", "photo": "", "is_team_lead": false, "is_male": true, "cartoon_sprite": "", "report_to": null, "current_room": 1, "last_active_room": "2020-10-04T12:40:36.316Z", "groups": [], "user_permissions": []}}, {"model": "nv_profile.nvuserprofile", "pk": 19, "fields": {"password": "pbkdf2_sha256$216000$p4zVgFEACXiS$H/tBq/QHQZyWzThsqhLUqdeqP0eDjLBoob5nAt4+L/Y=", "last_login": "2020-10-04T15:38:42.451Z", "is_superuser": false, "first_name": "", "last_name": "", "is_staff": false, "is_active": true, "date_joined": "2020-10-04T15:38:42.135Z", "username": "Test test", "email": null, "name": "Qazswxde", "photo": "", "is_team_lead": false, "is_male": true, "cartoon_sprite": "", "report_to": null, "current_room": 1, "last_active_room": "2020-10-04T15:38:42.809Z", "groups": [], "user_permissions": []}}, {"model": "nv_profile.nvuserprofile", "pk": 20, "fields": {"password": "pbkdf2_sha256$216000$jvWMIyiZOp3k$1MTiwUTZAgUCwMddRlqFalKWlZLj0SNZ4tGtZ+BPN/U=", "last_login": "2020-10-04T17:02:51.375Z", "is_superuser": false, "first_name": "", "last_name": "", "is_staff": false, "is_active": true, "date_joined": "2020-10-04T17:02:50.977Z", "username": "WTF_Nigga?", "email": null, "name": "Nope", "photo": "", "is_team_lead": false, "is_male": true, "cartoon_sprite": "", "report_to": null, "current_room": 7, "last_active_room": "2020-10-04T17:02:50.977Z", "groups": [], "user_permissions": []}}, {"model": "nv_profile.userskills", "pk": 1, "fields": {"user": 16, "skill": 9, "score": 3.0, "is_majority": false}}, {"model": "nv_profile.userskills", "pk": 2, "fields": {"user": 16, "skill": 5, "score": 2.0, "is_majority": false}}, {"model": "nv_profile.userskills", "pk": 3, "fields": {"user": 16, "skill": 10, "score": 5.0, "is_majority": false}}, {"model": "nv_profile.userskills", "pk": 4, "fields": {"user": 16, "skill": 1, "score": 3.0, "is_majority": false}}, {"model": "nv_profile.userskills", "pk": 5, "fields": {"user": 16, "skill": 15, "score": 5.0, "is_majority": false}}, {"model": "nv_profile.userskills", "pk": 6, "fields": {"user": 16, "skill": 16, "score": 6.0, "is_majority": false}}, {"model": "nv_profile.userskills", "pk": 7, "fields": {"user": 16, "skill": 24, "score": 3.0, "is_majority": false}}, {"model": "nv_profile.userskills", "pk": 8, "fields": {"user": 16, "skill": 18, "score": 11.0, "is_majority": false}}, {"model": "nv_profile.userskills", "pk": 9, "fields": {"user": 16, "skill": 20, "score": 3.0, "is_majority": false}}, {"model": "nv_profile.userskills", "pk": 10, "fields": {"user": 16, "skill": 27, "score": 14.0, "is_majority": false}}, {"model": "nv_profile.userskills", "pk": 11, "fields": {"user": 16, "skill": 19, "score": 4.0, "is_majority": false}}, {"model": "nv_profile.userskills", "pk": 12, "fields": {"user": 16, "skill": 6, "score": 9.0, "is_majority": false}}, {"model": "nv_profile.userskills", "pk": 13, "fields": {"user": 16, "skill": 36, "score": 6.0, "is_majority": false}}, {"model": "nv_profile.userskills", "pk": 14, "fields": {"user": 16, "skill": 33, "score": 6.0, "is_majority": false}}, {"model": "nv_profile.userskills", "pk": 15, "fields": {"user": 16, "skill": 26, "score": 6.0, "is_majority": false}}, {"model": "nv_profile.userskills", "pk": 16, "fields": {"user": 16, "skill": 34, "score": 3.0, "is_majority": false}}, {"model": "nv_profile.userskills", "pk": 17, "fields": {"user": 16, "skill": 23, "score": 6.0, "is_majority": false}}, {"model": "nv_profile.userskills", "pk": 18, "fields": {"user": 10, "skill": 28, "score": 16.0, "is_majority": false}}, {"model": "nv_profile.userskills", "pk": 19, "fields": {"user": 10, "skill": 37, "score": 12.0, "is_majority": false}}, {"model": "nv_profile.userskills", "pk": 20, "fields": {"user": 10, "skill": 23, "score": 17.0, "is_majority": false}}, {"model": "nv_profile.userskills", "pk": 21, "fields": {"user": 10, "skill": 4, "score": 2.0, "is_majority": false}}, {"model": "nv_profile.userskills", "pk": 22, "fields": {"user": 10, "skill": 27, "score": 5.0, "is_majority": false}}, {"model": "nv_profile.userskills", "pk": 23, "fields": {"user": 7, "skill": 39, "score": 11.0, "is_majority": false}}, {"model": "nv_profile.userskills", "pk": 24, "fields": {"user": 7, "skill": 36, "score": 5.0, "is_majority": false}}, {"model": "nv_profile.userskills", "pk": 25, "fields": {"user": 7, "skill": 6, "score": 8.0, "is_majority": false}}, {"model": "nv_profile.userskills", "pk": 26, "fields": {"user": 7, "skill": 25, "score": 3.0, "is_majority": false}}, {"model": "nv_profile.userskills", "pk": 27, "fields": {"user": 7, "skill": 16, "score": 8.0, "is_majority": false}}, {"model": "nv_profile.userskills", "pk": 28, "fields": {"user": 7, "skill": 38, "score": 12.0, "is_majority": false}}, {"model": "nv_profile.userskills", "pk": 29, "fields": {"user": 10, "skill": 19, "score": 4.0, "is_majority": false}}, {"model": "nv_profile.userskills", "pk": 30, "fields": {"user": 7, "skill": 26, "score": 10.0, "is_majority": false}}, {"model": "nv_profile.userskills", "pk": 31, "fields": {"user": 7, "skill": 23, "score": 21.0, "is_majority": false}}, {"model": "nv_profile.userskills", "pk": 32, "fields": {"user": 7, "skill": 31, "score": 15.0, "is_majority": false}}, {"model": "nv_profile.userskills", "pk": 33, "fields": {"user": 7, "skill": 27, "score": 21.0, "is_majority": false}}, {"model": "nv_profile.userskills", "pk": 34, "fields": {"user": 7, "skill": 37, "score": 2.0, "is_majority": false}}, {"model": "nv_profile.userskills", "pk": 35, "fields": {"user": 7, "skill": 24, "score": 7.0, "is_majority": false}}, {"model": "nv_profile.userskills", "pk": 36, "fields": {"user": 7, "skill": 11, "score": 3.0, "is_majority": false}}, {"model": "nv_profile.userskills", "pk": 37, "fields": {"user": 7, "skill": 12, "score": 18.0, "is_majority": false}}, {"model": "nv_profile.userskills", "pk": 38, "fields": {"user": 7, "skill": 15, "score": 5.0, "is_majority": false}}, {"model": "nv_profile.userskills", "pk": 39, "fields": {"user": 7, "skill": 19, "score": 15.0, "is_majority": false}}, {"model": "nv_profile.userskills", "pk": 40, "fields": {"user": 7, "skill": 9, "score": 14.0, "is_majority": false}}, {"model": "nv_profile.userskills", "pk": 41, "fields": {"user": 7, "skill": 5, "score": 10.0, "is_majority": false}}, {"model": "nv_profile.userskills", "pk": 42, "fields": {"user": 7, "skill": 30, "score": 7.0, "is_majority": false}}, {"model": "nv_profile.userskills", "pk": 43, "fields": {"user": 7, "skill": 13, "score": 3.0, "is_majority": false}}, {"model": "nv_profile.userskills", "pk": 44, "fields": {"user": 7, "skill": 4, "score": 8.0, "is_majority": false}}, {"model": "nv_profile.userskills", "pk": 45, "fields": {"user": 7, "skill": 29, "score": 17.0, "is_majority": false}}, {"model": "nv_profile.userskills", "pk": 46, "fields": {"user": 7, "skill": 10, "score": 13.0, "is_majority": false}}, {"model": "nv_profile.userskills", "pk": 47, "fields": {"user": 7, "skill": 14, "score": 4.0, "is_majority": false}}, {"model": "nv_profile.userskills", "pk": 48, "fields": {"user": 7, "skill": 20, "score": 6.0, "is_majority": false}}, {"model": "nv_profile.userskills", "pk": 49, "fields": {"user": 7, "skill": 1, "score": 7.0, "is_majority": false}}, {"model": "nv_profile.userskills", "pk": 50, "fields": {"user": 7, "skill": 35, "score": 3.0, "is_majority": false}}, {"model": "nv_profile.userskills", "pk": 51, "fields": {"user": 7, "skill": 17, "score": 4.0, "is_majority": false}}, {"model": "nv_profile.userskills", "pk": 52, "fields": {"user": 11, "skill": 34, "score": 5.0, "is_majority": false}}, {"model": "nv_profile.userskills", "pk": 53, "fields": {"user": 11, "skill": 5, "score": 5.0, "is_majority": false}}, {"model": "nv_profile.userskills", "pk": 54, "fields": {"user": 11, "skill": 22, "score": 3.0, "is_majority": false}}, {"model": "nv_profile.userskills", "pk": 55, "fields": {"user": 11, "skill": 9, "score": 7.0, "is_majority": false}}, {"model": "nv_profile.userskills", "pk": 56, "fields": {"user": 11, "skill": 30, "score": 3.0, "is_majority": false}}, {"model": "nv_profile.userskills", "pk": 57, "fields": {"user": 11, "skill": 31, "score": 3.0, "is_majority": false}}, {"model": "nv_profile.userskills", "pk": 58, "fields": {"user": 11, "skill": 1, "score": 6.0, "is_majority": false}}, {"model": "nv_profile.userskills", "pk": 59, "fields": {"user": 10, "skill": 34, "score": 7.0, "is_majority": false}}, {"model": "nv_profile.userskills", "pk": 60, "fields": {"user": 17, "skill": 17, "score": 8.0, "is_majority": false}}, {"model": "nv_profile.userskills", "pk": 61, "fields": {"user": 17, "skill": 33, "score": 7.0, "is_majority": false}}, {"model": "nv_profile.userskills", "pk": 62, "fields": {"user": 17, "skill": 22, "score": 5.0, "is_majority": false}}, {"model": "nv_profile.userskills", "pk": 63, "fields": {"user": 17, "skill": 26, "score": 5.0, "is_majority": false}}, {"model": "nv_profile.userskills", "pk": 64, "fields": {"user": 17, "skill": 11, "score": 3.0, "is_majority": false}}, {"model": "nv_profile.userskills", "pk": 65, "fields": {"user": 17, "skill": 28, "score": 6.0, "is_majority": false}}, {"model": "nv_profile.userskills", "pk": 66, "fields": {"user": 17, "skill": 6, "score": 5.0, "is_majority": false}}, {"model": "nv_profile.userskills", "pk": 67, "fields": {"user": 10, "skill": 39, "score": 3.0, "is_majority": false}}, {"model": "nv_profile.userskills", "pk": 68, "fields": {"user": 10, "skill": 15, "score": 3.0, "is_majority": false}}, {"model": "nv_profile.userskills", "pk": 69, "fields": {"user": 18, "skill": 35, "score": 11.0, "is_majority": false}}, {"model": "nv_profile.userskills", "pk": 70, "fields": {"user": 18, "skill": 22, "score": 5.0, "is_majority": false}}, {"model": "nv_profile.userskills", "pk": 71, "fields": {"user": 20, "skill": 29, "score": 4.0, "is_majority": false}}, {"model": "nv_profile.userskills", "pk": 72, "fields": {"user": 20, "skill": 25, "score": 6.0, "is_majority": false}}, {"model": "nv_profile.userskills", "pk": 73, "fields": {"user": 20, "skill": 38, "score": 5.0, "is_majority": false}}, {"model": "nv_profile.userskills", "pk": 74, "fields": {"user": 20, "skill": 27, "score": 5.0, "is_majority": false}}, {"model": "nv_profile.userskills", "pk": 75, "fields": {"user": 16, "skill": 35, "score": 3.0, "is_majority": false}}, {"model": "nv_profile.userskills", "pk": 76, "fields": {"user": 16, "skill": 30, "score": 4.0, "is_majority": false}}, {"model": "nv_profile.userskills", "pk": 77, "fields": {"user": 16, "skill": 21, "score": 7.0, "is_majority": false}}]